{
    "counter": {
        "ACTIVE": 297,
        "INACTIVE": 1,
        "INVALID": 0,
        "MALICIOUS": 0,
        "SANE": 0,
        "VALID": 0,
        "total": 298
    },
    "percentage": {
        "ACTIVE": 99.66442953020135,
        "INACTIVE": 5.882352941176471,
        "INVALID": 0,
        "MALICIOUS": 0,
        "SANE": 0,
        "VALID": 0,
        "total": 105.54678247137781
    }
}