{
    "counter": {
        "ACTIVE": 289,
        "INACTIVE": 2,
        "INVALID": 0,
        "MALICIOUS": 0,
        "SANE": 0,
        "VALID": 0,
        "total": 291
    },
    "percentage": {
        "ACTIVE": 99.3127147766323,
        "INACTIVE": 1.680672268907563,
        "INVALID": 0,
        "MALICIOUS": 0,
        "SANE": 0,
        "VALID": 0,
        "total": 100.99338704553986
    }
}