{
    "counter": {
        "ACTIVE": 251,
        "INACTIVE": 1,
        "INVALID": 0,
        "MALICIOUS": 0,
        "SANE": 0,
        "VALID": 0,
        "total": 252
    },
    "percentage": {
        "ACTIVE": 99.60317460317461,
        "INACTIVE": 1.0638297872340425,
        "INVALID": 0,
        "MALICIOUS": 0,
        "SANE": 0,
        "VALID": 0,
        "total": 100.66700439040865
    }
}