{
    "counter": {
        "ACTIVE": 300,
        "INACTIVE": 12,
        "INVALID": 0,
        "MALICIOUS": 0,
        "SANE": 0,
        "VALID": 0,
        "total": 312
    },
    "percentage": {
        "ACTIVE": 96.15384615384616,
        "INACTIVE": 3.870967741935484,
        "INVALID": 0,
        "MALICIOUS": 0,
        "SANE": 0,
        "VALID": 0,
        "total": 100.02481389578165
    }
}